,date,sales,store_nbr
0,2013-01-01,0.0,44.0
1,2013-01-02,30095.181,44.0
2,2013-01-03,20447.057,44.0
3,2013-01-04,22795.799,44.0
4,2013-01-05,31382.508,44.0
5,2013-01-06,36069.345,44.0
6,2013-01-07,21025.328999999998,44.0
7,2013-01-08,33993.257,44.0
8,2013-01-09,21296.042004,44.0
9,2013-01-10,15522.82798,44.0
10,2013-01-11,19738.47498,44.0
11,2013-01-12,25418.678,44.0
12,2013-01-13,31129.35,44.0
13,2013-01-14,17518.412,44.0
14,2013-01-15,15761.721,44.0
15,2013-01-16,21994.873,44.0
16,2013-01-17,14999.145,44.0
17,2013-01-18,19238.57502,44.0
18,2013-01-19,29145.70396,44.0
19,2013-01-20,31897.75303,44.0
20,2013-01-21,17632.768,44.0
21,2013-01-22,34614.042,44.0
22,2013-01-23,17574.106,44.0
23,2013-01-24,12230.94998,44.0
24,2013-01-25,18529.643,44.0
25,2013-01-26,26769.391,44.0
26,2013-01-27,28839.307,44.0
27,2013-01-28,15423.466,44.0
28,2013-01-29,14607.175,44.0
29,2013-01-30,17236.404,44.0
30,2013-01-31,13467.855,44.0
31,2013-02-01,22294.816,44.0
32,2013-02-02,32666.54397,44.0
33,2013-02-03,31751.366,44.0
34,2013-02-04,17728.195,44.0
35,2013-02-05,16512.018995,44.0
36,2013-02-06,20119.783,44.0
37,2013-02-07,16506.634,44.0
38,2013-02-08,18985.489005,44.0
39,2013-02-09,22806.965004,44.0
40,2013-02-10,16419.163,44.0
41,2013-02-11,17130.39,44.0
42,2013-02-12,21745.158,44.0
43,2013-02-13,18051.50398,44.0
44,2013-02-14,38885.718004,44.0
45,2013-02-15,19068.482,44.0
46,2013-02-16,32582.67696,44.0
47,2013-02-17,24503.894,44.0
48,2013-02-18,19797.048,44.0
49,2013-02-19,14658.543,44.0
50,2013-02-20,19929.391,44.0
51,2013-02-21,13970.993,44.0
52,2013-02-22,17469.76,44.0
53,2013-02-23,26033.811999999998,44.0
54,2013-02-24,30505.36303,44.0
55,2013-02-25,19511.08904,44.0
56,2013-02-26,14784.476004,44.0
57,2013-02-27,16250.759,44.0
58,2013-02-28,14857.52002,44.0
59,2013-03-01,22270.176,44.0
60,2013-03-02,32798.856,44.0
61,2013-03-03,38181.899000000005,44.0
62,2013-03-04,20911.8,44.0
63,2013-03-05,21365.32598,44.0
64,2013-03-06,21711.109,44.0
65,2013-03-07,15394.973,44.0
66,2013-03-08,26132.241,44.0
67,2013-03-09,29951.63497,44.0
68,2013-03-10,30386.641040000002,44.0
69,2013-03-11,17089.015,44.0
70,2013-03-12,15752.124,44.0
71,2013-03-13,19609.154000000002,44.0
72,2013-03-14,13119.796999999999,44.0
73,2013-03-15,18609.6001,44.0
74,2013-03-16,30441.078,44.0
75,2013-03-17,34892.567,44.0
76,2013-03-18,18203.304,44.0
77,2013-03-19,15874.449,44.0
78,2013-03-20,19657.66,44.0
79,2013-03-21,14880.33397,44.0
80,2013-03-22,18411.19799,44.0
81,2013-03-23,31889.787,44.0
82,2013-03-24,29504.92494,44.0
83,2013-03-25,17026.287,44.0
84,2013-03-26,11090.212,44.0
85,2013-03-27,20180.98101,44.0
86,2013-03-28,17541.689,44.0
87,2013-03-29,21393.413,44.0
88,2013-03-30,25750.003,44.0
89,2013-03-31,27281.635000000002,44.0
90,2013-04-01,23812.061999999998,44.0
91,2013-04-02,18911.761039999998,44.0
92,2013-04-03,22686.992,44.0
93,2013-04-04,16437.74098,44.0
94,2013-04-05,19861.856,44.0
95,2013-04-06,34105.411,44.0
96,2013-04-07,35847.16896,44.0
97,2013-04-08,19095.92498,44.0
98,2013-04-09,15986.89,44.0
99,2013-04-10,18763.540979999998,44.0
100,2013-04-11,25121.68502,44.0
101,2013-04-12,17896.815000000002,44.0
102,2013-04-13,28717.04396,44.0
103,2013-04-14,30727.966,44.0
104,2013-04-15,17175.006,44.0
105,2013-04-16,18734.07102,44.0
106,2013-04-17,20281.665,44.0
107,2013-04-18,14613.58798,44.0
108,2013-04-19,18418.77102,44.0
109,2013-04-20,31940.412969999998,44.0
110,2013-04-21,34169.373,44.0
111,2013-04-22,17595.709,44.0
112,2013-04-23,19494.95396,44.0
113,2013-04-24,21656.471996,44.0
114,2013-04-25,14097.76898,44.0
115,2013-04-26,18063.70493,44.0
116,2013-04-27,28625.561,44.0
117,2013-04-28,31505.599000000002,44.0
118,2013-04-29,15882.329,44.0
119,2013-04-30,16726.380004,44.0
120,2013-05-01,32403.07196,44.0
121,2013-05-02,16732.446,44.0
122,2013-05-03,20307.881,44.0
123,2013-05-04,32686.795,44.0
124,2013-05-05,35122.784,44.0
125,2013-05-06,19113.395996,44.0
126,2013-05-07,17208.600055,44.0
127,2013-05-08,22033.699950000002,44.0
128,2013-05-09,15910.097,44.0
129,2013-05-10,19872.198,44.0
130,2013-05-11,33235.070999999996,44.0
131,2013-05-12,21028.07,44.0
132,2013-05-13,18201.79303,44.0
133,2013-05-14,16103.760995,44.0
134,2013-05-15,20636.25501,44.0
135,2013-05-16,16731.731,44.0
136,2013-05-17,18508.32502,44.0
137,2013-05-18,30071.30494,44.0
138,2013-05-19,30169.425000000003,44.0
139,2013-05-20,18731.98902,44.0
140,2013-05-21,25091.309,44.0
141,2013-05-22,19134.037,44.0
142,2013-05-23,15289.211,44.0
143,2013-05-24,23864.536,44.0
144,2013-05-25,23364.938000000002,44.0
145,2013-05-26,25866.678,44.0
146,2013-05-27,16393.949950000002,44.0
147,2013-05-28,15671.84602,44.0
148,2013-05-29,18342.311,44.0
149,2013-05-30,14867.07198,44.0
150,2013-05-31,19986.79598,44.0
151,2013-06-01,33549.18697,44.0
152,2013-06-02,34257.964,44.0
153,2013-06-03,24061.682999999997,44.0
154,2013-06-04,19372.717024999998,44.0
155,2013-06-05,21612.54896,44.0
156,2013-06-06,22572.039,44.0
157,2013-06-07,21082.201,44.0
158,2013-06-08,28157.82,44.0
159,2013-06-09,31109.634,44.0
160,2013-06-10,18317.678,44.0
161,2013-06-11,9067.748,44.0
162,2013-06-12,20190.51397,44.0
163,2013-06-13,15515.116,44.0
164,2013-06-14,19448.78,44.0
165,2013-06-15,32468.775999999998,44.0
166,2013-06-16,25512.193,44.0
167,2013-06-17,20971.606,44.0
168,2013-06-18,16529.624,44.0
169,2013-06-19,19371.832,44.0
170,2013-06-20,14823.9,44.0
171,2013-06-21,17997.705,44.0
172,2013-06-22,27135.50703,44.0
173,2013-06-23,30153.9071,44.0
174,2013-06-24,17430.38497,44.0
175,2013-06-25,16086.064,44.0
176,2013-06-26,17885.09,44.0
177,2013-06-27,13367.374,44.0
178,2013-06-28,18571.285975,44.0
179,2013-06-29,29035.57103,44.0
180,2013-06-30,30647.135000000002,44.0
181,2013-07-01,22435.429,44.0
182,2013-07-02,18992.21,44.0
183,2013-07-03,22594.334964,44.0
184,2013-07-04,16342.848,44.0
185,2013-07-05,19716.326,44.0
186,2013-07-06,28221.622,44.0
187,2013-07-07,30087.878,44.0
188,2013-07-08,23736.041995,44.0
189,2013-07-09,16194.452000000001,44.0
190,2013-07-10,19083.094,44.0
191,2013-07-11,14926.503002000001,44.0
192,2013-07-12,19570.146099999998,44.0
193,2013-07-13,25551.453,44.0
194,2013-07-14,26430.766900000002,44.0
195,2013-07-15,18433.811,44.0
196,2013-07-16,18956.344,44.0
197,2013-07-17,19327.877,44.0
198,2013-07-18,14413.33296,44.0
199,2013-07-19,18460.795,44.0
200,2013-07-20,27066.737999999998,44.0
201,2013-07-21,25648.429,44.0
202,2013-07-22,18184.386996,44.0
203,2013-07-23,17178.475,44.0
204,2013-07-24,18275.443,44.0
205,2013-07-25,14697.380000000001,44.0
206,2013-07-26,18334.66802,44.0
207,2013-07-27,25032.70603,44.0
208,2013-07-28,25934.157,44.0
209,2013-07-29,15982.595003999999,44.0
210,2013-07-30,16544.708,44.0
211,2013-07-31,21213.629,44.0
212,2013-08-01,19674.833004,44.0
213,2013-08-02,21796.648,44.0
214,2013-08-03,27782.083,44.0
215,2013-08-04,28971.977,44.0
216,2013-08-05,20281.915979999998,44.0
217,2013-08-06,16580.21302,44.0
218,2013-08-07,20773.107,44.0
219,2013-08-08,15136.22898,44.0
220,2013-08-09,18776.961,44.0
221,2013-08-10,23900.353,44.0
222,2013-08-11,24592.702,44.0
223,2013-08-12,17999.44203,44.0
224,2013-08-13,15731.28603,44.0
225,2013-08-14,28573.763,44.0
226,2013-08-15,14313.863003999999,44.0
227,2013-08-16,21132.764900000002,44.0
228,2013-08-17,25991.805,44.0
229,2013-08-18,28210.74197,44.0
230,2013-08-19,17520.15698,44.0
231,2013-08-20,16271.089,44.0
232,2013-08-21,18742.41698,44.0
233,2013-08-22,15319.284,44.0
234,2013-08-23,18760.6771,44.0
235,2013-08-24,24856.625,44.0
236,2013-08-25,27013.72,44.0
237,2013-08-26,19270.846,44.0
238,2013-08-27,16836.177,44.0
239,2013-08-28,20119.064,44.0
240,2013-08-29,16342.876004,44.0
241,2013-08-30,20108.851000000002,44.0
242,2013-08-31,32721.900999999998,44.0
243,2013-09-01,39790.56186,44.0
244,2013-09-02,24041.972999999998,44.0
245,2013-09-03,21102.799,44.0
246,2013-09-04,22985.879,44.0
247,2013-09-05,15870.138995000001,44.0
248,2013-09-06,19587.69,44.0
249,2013-09-07,33419.726,44.0
250,2013-09-08,34310.45497,44.0
251,2013-09-09,29333.002,44.0
252,2013-09-10,15571.527979999999,44.0
253,2013-09-11,19347.83,44.0
254,2013-09-12,16717.59202,44.0
255,2013-09-13,19314.525999999998,44.0
256,2013-09-14,29248.576,44.0
257,2013-09-15,32548.023,44.0
258,2013-09-16,19569.347999999998,44.0
259,2013-09-17,15575.609,44.0
260,2013-09-18,19114.14398,44.0
261,2013-09-19,13765.260999999999,44.0
262,2013-09-20,19475.93105,44.0
263,2013-09-21,28572.5511,44.0
264,2013-09-22,29860.1169,44.0
265,2013-09-23,19300.57,44.0
266,2013-09-24,15040.373995,44.0
267,2013-09-25,20191.385000000002,44.0
268,2013-09-26,14082.235,44.0
269,2013-09-27,17421.792970000002,44.0
270,2013-09-28,29274.957000000002,44.0
271,2013-09-29,33776.266,44.0
272,2013-09-30,17504.325,44.0
273,2013-10-01,21496.926,44.0
274,2013-10-02,24277.869,44.0
275,2013-10-03,18228.32396,44.0
276,2013-10-04,22577.46401,44.0
277,2013-10-05,33031.782999999996,44.0
278,2013-10-06,35826.801999999996,44.0
279,2013-10-07,19676.989,44.0
280,2013-10-08,15810.702000000001,44.0
281,2013-10-09,19608.898,44.0
282,2013-10-10,14949.693,44.0
283,2013-10-11,9901.369,44.0
284,2013-10-12,25812.34996,44.0
285,2013-10-13,27805.43998,44.0
286,2013-10-14,17257.346995,44.0
287,2013-10-15,15191.979995000002,44.0
288,2013-10-16,21417.242,44.0
289,2013-10-17,25383.204980000002,44.0
290,2013-10-18,20494.814,44.0
291,2013-10-19,32384.713,44.0
292,2013-10-20,34755.346,44.0
293,2013-10-21,17788.627,44.0
294,2013-10-22,14769.623,44.0
295,2013-10-23,19598.106,44.0
296,2013-10-24,14100.944,44.0
297,2013-10-25,18478.785,44.0
298,2013-10-26,28339.619899999998,44.0
299,2013-10-27,30392.536,44.0
300,2013-10-28,17238.931,44.0
301,2013-10-29,15493.798999999999,44.0
302,2013-10-30,19402.936,44.0
303,2013-10-31,13095.737000000001,44.0
304,2013-11-01,24611.41199,44.0
305,2013-11-02,34257.548,44.0
306,2013-11-03,36307.784,44.0
307,2013-11-04,21289.25797,44.0
308,2013-11-05,19676.962,44.0
309,2013-11-06,22878.09,44.0
310,2013-11-07,35107.11298,44.0
311,2013-11-08,21331.824,44.0
312,2013-11-09,34381.282999999996,44.0
313,2013-11-10,36188.38,44.0
314,2013-11-11,21203.853,44.0
315,2013-11-12,58409.147,44.0
316,2013-11-13,21011.626,44.0
317,2013-11-14,16602.626,44.0
318,2013-11-15,21800.019,44.0
319,2013-11-16,35513.099,44.0
320,2013-11-17,37909.497,44.0
321,2013-11-18,21014.880998,44.0
322,2013-11-19,18417.246,44.0
323,2013-11-20,20758.32393,44.0
324,2013-11-21,15725.330979999999,44.0
325,2013-11-22,21721.107,44.0
326,2013-11-23,30902.991,44.0
327,2013-11-24,35309.195999999996,44.0
328,2013-11-25,20636.88,44.0
329,2013-11-26,18771.03,44.0
330,2013-11-27,21559.955,44.0
331,2013-11-28,16013.36398,44.0
332,2013-11-29,21273.3171,44.0
333,2013-11-30,32135.5329,44.0
334,2013-12-01,46422.157,44.0
335,2013-12-02,38354.881,44.0
336,2013-12-03,25119.81903,44.0
337,2013-12-04,24250.33,44.0
338,2013-12-05,18840.623995,44.0
339,2013-12-06,31338.4489,44.0
340,2013-12-07,32877.163,44.0
341,2013-12-08,36016.826,44.0
342,2013-12-09,25644.45,44.0
343,2013-12-10,26656.403,44.0
344,2013-12-11,30728.707000000002,44.0
345,2013-12-12,23076.183,44.0
346,2013-12-13,28384.902000000002,44.0
347,2013-12-14,36116.058000000005,44.0
348,2013-12-15,42092.115000000005,44.0
349,2013-12-16,29312.314996,44.0
350,2013-12-17,28484.056,44.0
351,2013-12-18,35173.9039,44.0
352,2013-12-19,30876.290999999997,44.0
353,2013-12-20,30466.888899999998,44.0
354,2013-12-21,41398.0637,44.0
355,2013-12-22,41088.184,44.0
356,2013-12-23,38076.6234,44.0
357,2013-12-24,24526.033,44.0
358,2013-12-25,24526.033,44.0
359,2013-12-26,22924.3731,44.0
360,2013-12-27,23745.0961,44.0
361,2013-12-28,25482.502959999998,44.0
362,2013-12-29,25062.428,44.0
363,2013-12-30,33065.991,44.0
364,2013-12-31,21858.742,44.0
365,2014-01-01,0.0,44.0
366,2014-01-02,47024.630000000005,44.0
367,2014-01-03,42599.8299,44.0
368,2014-01-04,66224.098,44.0
369,2014-01-05,67869.903,44.0
370,2014-01-06,35479.56397,44.0
371,2014-01-07,33580.124,44.0
372,2014-01-08,47004.093,44.0
373,2014-01-09,31860.837,44.0
374,2014-01-10,36090.15382,44.0
375,2014-01-11,55630.36,44.0
376,2014-01-12,56982.429000000004,44.0
377,2014-01-13,34139.751,44.0
378,2014-01-14,28619.93202,44.0
379,2014-01-15,36914.54503,44.0
380,2014-01-16,32441.581005,44.0
381,2014-01-17,36528.0114,44.0
382,2014-01-18,56954.546,44.0
383,2014-01-19,57108.134,44.0
384,2014-01-20,47262.681,44.0
385,2014-01-21,31216.80302,44.0
386,2014-01-22,39696.2649,44.0
387,2014-01-23,26562.924,44.0
388,2014-01-24,33638.3732,44.0
389,2014-01-25,50336.988,44.0
390,2014-01-26,54292.42599,44.0
391,2014-01-27,31841.58399,44.0
392,2014-01-28,26648.06,44.0
393,2014-01-29,35791.32298,44.0
394,2014-01-30,27103.36097,44.0
395,2014-01-31,34240.68302,44.0
396,2014-02-01,38545.72003,44.0
397,2014-02-02,38334.13,44.0
398,2014-02-03,23293.14902,44.0
399,2014-02-04,19283.974026,44.0
400,2014-02-05,24106.275999999998,44.0
401,2014-02-06,19545.262,44.0
402,2014-02-07,22461.0052,44.0
403,2014-02-08,31493.50997,44.0
404,2014-02-09,31436.724000000002,44.0
405,2014-02-10,20699.438000000002,44.0
406,2014-02-11,19062.98,44.0
407,2014-02-12,22616.42802,44.0
408,2014-02-13,18793.617019999998,44.0
409,2014-02-14,18833.928,44.0
410,2014-02-15,33489.2699,44.0
411,2014-02-16,33566.76689,44.0
412,2014-02-17,22465.329,44.0
413,2014-02-18,19353.30297,44.0
414,2014-02-19,22963.304,44.0
415,2014-02-20,17429.657030000002,44.0
416,2014-02-21,19806.8781,44.0
417,2014-02-22,33223.6839,44.0
418,2014-02-23,28292.816,44.0
419,2014-02-24,20883.012996,44.0
420,2014-02-25,28183.484,44.0
421,2014-02-26,19054.396034999998,44.0
422,2014-02-27,17144.783,44.0
423,2014-02-28,22526.049,44.0
424,2014-03-01,53928.678029999995,44.0
425,2014-03-02,42455.376,44.0
426,2014-03-03,41398.459,44.0
427,2014-03-04,53082.461,44.0
428,2014-03-05,42861.101,44.0
429,2014-03-06,36285.962,44.0
430,2014-03-07,35323.349,44.0
431,2014-03-08,49641.777,44.0
432,2014-03-09,65236.288,44.0
433,2014-03-10,35022.716,44.0
434,2014-03-11,32751.994,44.0
435,2014-03-12,41069.02597,44.0
436,2014-03-13,28479.314,44.0
437,2014-03-14,31268.1149,44.0
438,2014-03-15,50209.351989999996,44.0
439,2014-03-16,72709.46399999999,44.0
440,2014-03-17,35288.979999999996,44.0
441,2014-03-18,29881.96,44.0
442,2014-03-19,40301.240996,44.0
443,2014-03-20,28380.389,44.0
444,2014-03-21,33102.3863,44.0
445,2014-03-22,55151.025,44.0
446,2014-03-23,61070.6901,44.0
447,2014-03-24,32621.523,44.0
448,2014-03-25,40972.223,44.0
449,2014-03-26,39789.373,44.0
450,2014-03-27,26546.899,44.0
451,2014-03-28,33682.1213,44.0
452,2014-03-29,58416.1379,44.0
453,2014-03-30,62628.939,44.0
454,2014-03-31,37292.342000000004,44.0
455,2014-04-01,25795.309999999998,44.0
456,2014-04-02,26778.773999999998,44.0
457,2014-04-03,19494.696,44.0
458,2014-04-04,24838.8032,44.0
459,2014-04-05,39148.23097,44.0
460,2014-04-06,44150.857,44.0
461,2014-04-07,23442.186,44.0
462,2014-04-08,20750.016,44.0
463,2014-04-09,23151.396,44.0
464,2014-04-10,17810.947996,44.0
465,2014-04-11,22522.9074,44.0
466,2014-04-12,34460.062,44.0
467,2014-04-13,36157.49797,44.0
468,2014-04-14,21771.858,44.0
469,2014-04-15,20091.358014999998,44.0
470,2014-04-16,26306.105,44.0
471,2014-04-17,20136.201,44.0
472,2014-04-18,26399.479,44.0
473,2014-04-19,30574.836,44.0
474,2014-04-20,33703.25501,44.0
475,2014-04-21,22809.097999999998,44.0
476,2014-04-22,30800.242,44.0
477,2014-04-23,22588.811,44.0
478,2014-04-24,18038.154000000002,44.0
479,2014-04-25,20097.688000000002,44.0
480,2014-04-26,33079.020000000004,44.0
481,2014-04-27,37814.516,44.0
482,2014-04-28,20560.411,44.0
483,2014-04-29,17166.632002,44.0
484,2014-04-30,21151.276,44.0
485,2014-05-01,32626.414,44.0
486,2014-05-02,25433.444199999998,44.0
487,2014-05-03,37058.75703,44.0
488,2014-05-04,40410.051,44.0
489,2014-05-05,23503.752,44.0
490,2014-05-06,20478.337995,44.0
491,2014-05-07,25011.95401,44.0
492,2014-05-08,16930.431,44.0
493,2014-05-09,23459.0435,44.0
494,2014-05-10,37298.6771,44.0
495,2014-05-11,25713.196,44.0
496,2014-05-12,21146.045,44.0
497,2014-05-13,20078.082000000002,44.0
498,2014-05-14,22226.753996,44.0
499,2014-05-15,28880.00695,44.0
500,2014-05-16,23266.30298,44.0
501,2014-05-17,34412.45197,44.0
502,2014-05-18,40186.64,44.0
503,2014-05-19,21452.155,44.0
504,2014-05-20,17575.336,44.0
505,2014-05-21,21326.734,44.0
506,2014-05-22,18292.761,44.0
507,2014-05-23,21697.3613,44.0
508,2014-05-24,31196.215,44.0
509,2014-05-25,35615.1291,44.0
510,2014-05-26,21149.048,44.0
511,2014-05-27,18214.23202,44.0
512,2014-05-28,21139.673000000003,44.0
513,2014-05-29,16065.006000000001,44.0
514,2014-05-30,22692.824099999998,44.0
515,2014-05-31,34071.326,44.0
516,2014-06-01,47019.778,44.0
517,2014-06-02,26885.239999999998,44.0
518,2014-06-03,23017.072,44.0
519,2014-06-04,25767.83002,44.0
520,2014-06-05,18599.567020000002,44.0
521,2014-06-06,24965.048,44.0
522,2014-06-07,33788.094,44.0
523,2014-06-08,33991.34599,44.0
524,2014-06-09,22558.201,44.0
525,2014-06-10,17574.672,44.0
526,2014-06-11,22662.139,44.0
527,2014-06-12,17963.107,44.0
528,2014-06-13,24853.1865,44.0
529,2014-06-14,41498.631030000004,44.0
530,2014-06-15,21852.582024,44.0
531,2014-06-16,25087.072,44.0
532,2014-06-17,20307.715,44.0
533,2014-06-18,22039.20303,44.0
534,2014-06-19,18725.544,44.0
535,2014-06-20,19765.737699999998,44.0
536,2014-06-21,33907.945999999996,44.0
537,2014-06-22,35434.051,44.0
538,2014-06-23,34946.847,44.0
539,2014-06-24,19632.886,44.0
540,2014-06-25,18506.561,44.0
541,2014-06-26,18178.56698,44.0
542,2014-06-27,21626.338,44.0
543,2014-06-28,29778.0,44.0
544,2014-06-29,33155.78,44.0
545,2014-06-30,22789.352,44.0
546,2014-07-01,40447.494000000006,44.0
547,2014-07-02,50616.441999999995,44.0
548,2014-07-03,34998.176,44.0
549,2014-07-04,35662.77099,44.0
550,2014-07-05,50965.708,44.0
551,2014-07-06,64146.527,44.0
552,2014-07-07,37039.867,44.0
553,2014-07-08,31809.408,44.0
554,2014-07-09,40275.27,44.0
555,2014-07-10,29022.609,44.0
556,2014-07-11,37861.54,44.0
557,2014-07-12,53790.55697,44.0
558,2014-07-13,46165.933,44.0
559,2014-07-14,36774.152,44.0
560,2014-07-15,32841.531004000004,44.0
561,2014-07-16,45677.125,44.0
562,2014-07-17,29882.358996,44.0
563,2014-07-18,34775.243109999996,44.0
564,2014-07-19,50027.627,44.0
565,2014-07-20,50306.460999999996,44.0
566,2014-07-21,35054.345,44.0
567,2014-07-22,32111.938000000002,44.0
568,2014-07-23,42585.843,44.0
569,2014-07-24,28092.80304,44.0
570,2014-07-25,51529.257995,44.0
571,2014-07-26,47298.36,44.0
572,2014-07-27,50479.52297,44.0
573,2014-07-28,35739.050004000004,44.0
574,2014-07-29,31343.13597,44.0
575,2014-07-30,38118.313,44.0
576,2014-07-31,32168.346999999998,44.0
577,2014-08-01,27042.525999999998,44.0
578,2014-08-02,36954.819,44.0
579,2014-08-03,34795.486000000004,44.0
580,2014-08-04,25818.219,44.0
581,2014-08-05,21754.34,44.0
582,2014-08-06,23769.50598,44.0
583,2014-08-07,19047.866,44.0
584,2014-08-08,23582.239999999998,44.0
585,2014-08-09,29485.0971,44.0
586,2014-08-10,31297.376,44.0
587,2014-08-11,23136.750004,44.0
588,2014-08-12,21408.672,44.0
589,2014-08-13,25680.017,44.0
590,2014-08-14,21396.310995,44.0
591,2014-08-15,25490.833,44.0
592,2014-08-16,37065.8731,44.0
593,2014-08-17,41568.736000000004,44.0
594,2014-08-18,26353.47002,44.0
595,2014-08-19,23521.301,44.0
596,2014-08-20,25751.911,44.0
597,2014-08-21,22883.45,44.0
598,2014-08-22,26390.971,44.0
599,2014-08-23,35757.604,44.0
600,2014-08-24,36201.968,44.0
601,2014-08-25,35172.566,44.0
602,2014-08-26,22411.626,44.0
603,2014-08-27,26185.335,44.0
604,2014-08-28,21707.870995999998,44.0
605,2014-08-29,28162.478049999998,44.0
606,2014-08-30,39139.669,44.0
607,2014-08-31,47296.903,44.0
608,2014-09-01,56175.48101,44.0
609,2014-09-02,44463.162,44.0
610,2014-09-03,55815.05,44.0
611,2014-09-04,35452.082,44.0
612,2014-09-05,43405.606,44.0
613,2014-09-06,67905.91201,44.0
614,2014-09-07,75814.7711,44.0
615,2014-09-08,42367.3151,44.0
616,2014-09-09,34833.334,44.0
617,2014-09-10,48540.066,44.0
618,2014-09-11,31647.082,44.0
619,2014-09-12,41854.164000000004,44.0
620,2014-09-13,64483.566,44.0
621,2014-09-14,69663.308,44.0
622,2014-09-15,41801.766,44.0
623,2014-09-16,38957.07102,44.0
624,2014-09-17,49840.5921,44.0
625,2014-09-18,32737.391,44.0
626,2014-09-19,37117.209,44.0
627,2014-09-20,62560.888999999996,44.0
628,2014-09-21,68330.88603,44.0
629,2014-09-22,39016.212999999996,44.0
630,2014-09-23,36328.7955,44.0
631,2014-09-24,48032.9665,44.0
632,2014-09-25,32439.716,44.0
633,2014-09-26,35919.066,44.0
634,2014-09-27,64504.413,44.0
635,2014-09-28,67923.21398999999,44.0
636,2014-09-29,38658.312,44.0
637,2014-09-30,35402.212,44.0
638,2014-10-01,55816.804000000004,44.0
639,2014-10-02,39048.393,44.0
640,2014-10-03,47849.399099999995,44.0
641,2014-10-04,72059.58503,44.0
642,2014-10-05,76910.617,44.0
643,2014-10-06,37647.286,44.0
644,2014-10-07,35987.4041,44.0
645,2014-10-08,61135.87303,44.0
646,2014-10-09,31668.956,44.0
647,2014-10-10,54245.10799,44.0
648,2014-10-11,54235.574,44.0
649,2014-10-12,58958.4029,44.0
650,2014-10-13,40759.334,44.0
651,2014-10-14,34500.71,44.0
652,2014-10-15,47419.752,44.0
653,2014-10-16,36280.494,44.0
654,2014-10-17,41849.5959,44.0
655,2014-10-18,61903.887,44.0
656,2014-10-19,64781.698000000004,44.0
657,2014-10-20,39835.91097,44.0
658,2014-10-21,35175.215,44.0
659,2014-10-22,47076.872,44.0
660,2014-10-23,29149.73712,44.0
661,2014-10-24,32216.742,44.0
662,2014-10-25,53981.646,44.0
663,2014-10-26,59717.403,44.0
664,2014-10-27,33667.032,44.0
665,2014-10-28,29403.591,44.0
666,2014-10-29,37708.0,44.0
667,2014-10-30,26088.866,44.0
668,2014-10-31,31528.15902,44.0
669,2014-11-01,52467.43101,44.0
670,2014-11-02,45932.62,44.0
671,2014-11-03,60840.39,44.0
672,2014-11-04,37195.303,44.0
673,2014-11-05,44905.33798,44.0
674,2014-11-06,33664.892,44.0
675,2014-11-07,37895.551,44.0
676,2014-11-08,56493.354,44.0
677,2014-11-09,61508.49299,44.0
678,2014-11-10,34130.752,44.0
679,2014-11-11,34310.367996,44.0
680,2014-11-12,40978.187,44.0
681,2014-11-13,29556.051000000003,44.0
682,2014-11-14,37615.5171,44.0
683,2014-11-15,53323.774,44.0
684,2014-11-16,59671.95903,44.0
685,2014-11-17,34439.479,44.0
686,2014-11-18,32858.19,44.0
687,2014-11-19,41420.74198,44.0
688,2014-11-20,30127.368000000002,44.0
689,2014-11-21,35993.08498,44.0
690,2014-11-22,52902.809,44.0
691,2014-11-23,60933.29901,44.0
692,2014-11-24,35262.186,44.0
693,2014-11-25,32387.087,44.0
694,2014-11-26,40536.291,44.0
695,2014-11-27,33537.693025,44.0
696,2014-11-28,34598.978,44.0
697,2014-11-29,56050.716,44.0
698,2014-11-30,68355.7839,44.0
699,2014-12-01,48771.655979999996,44.0
700,2014-12-02,41555.246,44.0
701,2014-12-03,49576.937999999995,44.0
702,2014-12-04,34387.123,44.0
703,2014-12-05,40338.9493,44.0
704,2014-12-06,54377.576,44.0
705,2014-12-07,67381.38399999999,44.0
706,2014-12-08,45415.956,44.0
707,2014-12-09,49489.455,44.0
708,2014-12-10,48014.986,44.0
709,2014-12-11,36760.925,44.0
710,2014-12-12,42169.89,44.0
711,2014-12-13,60490.19898,44.0
712,2014-12-14,62237.147,44.0
713,2014-12-15,46231.146,44.0
714,2014-12-16,71731.209,44.0
715,2014-12-17,55292.8959,44.0
716,2014-12-18,43624.3968,44.0
717,2014-12-19,44693.14378,44.0
718,2014-12-20,58166.003899999996,44.0
719,2014-12-21,65632.384,44.0
720,2014-12-22,55056.83293,44.0
721,2014-12-23,50121.21003,44.0
722,2014-12-24,41347.192,44.0
723,2014-12-25,41347.192,44.0
724,2014-12-26,46079.0351,44.0
725,2014-12-27,37877.142,44.0
726,2014-12-28,42549.1991,44.0
727,2014-12-29,39928.859105,44.0
728,2014-12-30,44730.547,44.0
729,2014-12-31,39352.241003999996,44.0
730,2015-01-01,0.0,44.0
731,2015-01-02,33283.114,44.0
732,2015-01-03,32598.434,44.0
733,2015-01-04,41727.042,44.0
734,2015-01-05,30253.239999999998,44.0
735,2015-01-06,22941.504,44.0
736,2015-01-07,29337.046000000002,44.0
737,2015-01-08,22956.348104,44.0
738,2015-01-09,25093.571,44.0
739,2015-01-10,35426.942,44.0
740,2015-01-11,42871.09201,44.0
741,2015-01-12,22810.463,44.0
742,2015-01-13,20298.762,44.0
743,2015-01-14,23638.568,44.0
744,2015-01-15,18840.222999999998,44.0
745,2015-01-16,22759.374,44.0
746,2015-01-17,39148.019,44.0
747,2015-01-18,40449.736000000004,44.0
748,2015-01-19,23644.779000000002,44.0
749,2015-01-20,20288.36603,44.0
750,2015-01-21,23173.565000000002,44.0
751,2015-01-22,19664.75402,44.0
752,2015-01-23,22837.025999999998,44.0
753,2015-01-24,36935.473,44.0
754,2015-01-25,37607.085,44.0
755,2015-01-26,20581.614999999998,44.0
756,2015-01-27,17723.559,44.0
757,2015-01-28,21931.244,44.0
758,2015-01-29,18275.49301,44.0
759,2015-01-30,22037.04599,44.0
760,2015-01-31,38255.569,44.0
761,2015-02-01,46741.342000000004,44.0
762,2015-02-02,24484.53501,44.0
763,2015-02-03,22281.565,44.0
764,2015-02-04,25556.327989999998,44.0
765,2015-02-05,19663.239999999998,44.0
766,2015-02-06,22772.671000000002,44.0
767,2015-02-07,34627.594,44.0
768,2015-02-08,36415.337,44.0
769,2015-02-09,23068.975019999998,44.0
770,2015-02-10,18406.19998,44.0
771,2015-02-11,21582.21,44.0
772,2015-02-12,17958.262029999998,44.0
773,2015-02-13,25713.806,44.0
774,2015-02-14,24912.949,44.0
775,2015-02-15,22023.036,44.0
776,2015-02-16,24862.541,44.0
777,2015-02-17,29435.54101,44.0
778,2015-02-18,24836.212,44.0
779,2015-02-19,19799.450960000002,44.0
780,2015-02-20,23948.158,44.0
781,2015-02-21,32825.68,44.0
782,2015-02-22,39260.04591,44.0
783,2015-02-23,20707.8,44.0
784,2015-02-24,21605.121,44.0
785,2015-02-25,22283.7971,44.0
786,2015-02-26,16840.895,44.0
787,2015-02-27,22857.254,44.0
788,2015-02-28,36823.858,44.0
789,2015-03-01,48394.66,44.0
790,2015-03-02,25410.923000000003,44.0
791,2015-03-03,23335.914,44.0
792,2015-03-04,25460.03702,44.0
793,2015-03-05,19881.172,44.0
794,2015-03-06,24604.93,44.0
795,2015-03-07,38836.50697,44.0
796,2015-03-08,38429.22897,44.0
797,2015-03-09,26192.8621,44.0
798,2015-03-10,25384.099029999998,44.0
799,2015-03-11,25211.092,44.0
800,2015-03-12,19004.870004,44.0
801,2015-03-13,25446.912,44.0
802,2015-03-14,36316.746100000004,44.0
803,2015-03-15,41866.981,44.0
804,2015-03-16,23486.391,44.0
805,2015-03-17,20581.921000000002,44.0
806,2015-03-18,22936.185996,44.0
807,2015-03-19,18078.77,44.0
808,2015-03-20,23605.315020000002,44.0
809,2015-03-21,38435.607130000004,44.0
810,2015-03-22,39181.850099999996,44.0
811,2015-03-23,22142.989004,44.0
812,2015-03-24,20185.403,44.0
813,2015-03-25,22999.368000000002,44.0
814,2015-03-26,16806.978,44.0
815,2015-03-27,23547.546000000002,44.0
816,2015-03-28,35232.205,44.0
817,2015-03-29,36594.54,44.0
818,2015-03-30,20656.381,44.0
819,2015-03-31,21466.316,44.0
820,2015-04-01,28023.773999999998,44.0
821,2015-04-02,24349.005,44.0
822,2015-04-03,29500.549,44.0
823,2015-04-04,34825.16703,44.0
824,2015-04-05,37736.732,44.0
825,2015-04-06,24868.025,44.0
826,2015-04-07,25763.332,44.0
827,2015-04-08,23962.17,44.0
828,2015-04-09,19150.397,44.0
829,2015-04-10,24295.004999999997,44.0
830,2015-04-11,34851.431,44.0
831,2015-04-12,38822.287,44.0
832,2015-04-13,22197.559999999998,44.0
833,2015-04-14,18336.769,44.0
834,2015-04-15,23563.474000000002,44.0
835,2015-04-16,19383.748,44.0
836,2015-04-17,26063.008,44.0
837,2015-04-18,37478.143,44.0
838,2015-04-19,41436.88,44.0
839,2015-04-20,23271.648,44.0
840,2015-04-21,20732.751,44.0
841,2015-04-22,22440.653,44.0
842,2015-04-23,19770.58797,44.0
843,2015-04-24,23668.786,44.0
844,2015-04-25,35849.717000000004,44.0
845,2015-04-26,37564.661,44.0
846,2015-04-27,21634.772,44.0
847,2015-04-28,19029.944,44.0
848,2015-04-29,21911.808,44.0
849,2015-04-30,22066.59298,44.0
850,2015-05-01,36323.82,44.0
851,2015-05-02,39235.481,44.0
852,2015-05-03,39596.104999999996,44.0
853,2015-05-04,27075.279,44.0
854,2015-05-05,23232.256999999998,44.0
855,2015-05-06,25810.869,44.0
856,2015-05-07,22197.657,44.0
857,2015-05-08,26346.097999999998,44.0
858,2015-05-09,43695.58803,44.0
859,2015-05-10,28795.837,44.0
860,2015-05-11,26314.777000000002,44.0
861,2015-05-12,20642.766005,44.0
862,2015-05-13,23683.682,44.0
863,2015-05-14,19730.807033999998,44.0
864,2015-05-15,25357.751,44.0
865,2015-05-16,44486.971000000005,44.0
866,2015-05-17,45508.216,44.0
867,2015-05-18,24386.600996,44.0
868,2015-05-19,22541.393,44.0
869,2015-05-20,23815.0059,44.0
870,2015-05-21,20603.206,44.0
871,2015-05-22,25096.609,44.0
872,2015-05-23,35945.4309,44.0
873,2015-05-24,41144.03499,44.0
874,2015-05-25,26066.99198,44.0
875,2015-05-26,23840.864,44.0
876,2015-05-27,27655.345,44.0
877,2015-05-28,20338.028,44.0
878,2015-05-29,28950.523,44.0
879,2015-05-30,46820.818,44.0
880,2015-05-31,52992.095,44.0
881,2015-06-01,42869.511,44.0
882,2015-06-02,37978.316,44.0
883,2015-06-03,45528.159,44.0
884,2015-06-04,32808.296,44.0
885,2015-06-05,37346.358,44.0
886,2015-06-06,54397.8159,44.0
887,2015-06-07,57317.61887,44.0
888,2015-06-08,37501.71,44.0
889,2015-06-09,34956.432,44.0
890,2015-06-10,38738.189995,44.0
891,2015-06-11,26800.716,44.0
892,2015-06-12,35997.924,44.0
893,2015-06-13,53245.346,44.0
894,2015-06-14,58555.75199999999,44.0
895,2015-06-15,33898.614,44.0
896,2015-06-16,34358.615,44.0
897,2015-06-17,45091.409,44.0
898,2015-06-18,27669.094,44.0
899,2015-06-19,40307.962,44.0
900,2015-06-20,63106.320999999996,44.0
901,2015-06-21,43659.518,44.0
902,2015-06-22,37994.701,44.0
903,2015-06-23,33350.625,44.0
904,2015-06-24,43303.578,44.0
905,2015-06-25,24194.508,44.0
906,2015-06-26,34397.919,44.0
907,2015-06-27,55060.143,44.0
908,2015-06-28,60859.98601,44.0
909,2015-06-29,34429.333,44.0
910,2015-06-30,31038.999,44.0
911,2015-07-01,51933.239010000005,44.0
912,2015-07-02,35976.068999999996,44.0
913,2015-07-03,47743.740900000004,44.0
914,2015-07-04,61965.244999999995,44.0
915,2015-07-05,40040.634,44.0
916,2015-07-06,19896.671000000002,44.0
917,2015-07-07,20055.14,44.0
918,2015-07-08,48744.4991,44.0
919,2015-07-09,34725.333,44.0
920,2015-07-10,38095.963,44.0
921,2015-07-11,51629.619999999995,44.0
922,2015-07-12,50342.467,44.0
923,2015-07-13,37133.795,44.0
924,2015-07-14,31047.451,44.0
925,2015-07-15,43752.685,44.0
926,2015-07-16,31999.743000000002,44.0
927,2015-07-17,39961.496029999995,44.0
928,2015-07-18,50785.458,44.0
929,2015-07-19,54339.875,44.0
930,2015-07-20,36929.176999999996,44.0
931,2015-07-21,30850.421000000002,44.0
932,2015-07-22,41254.146995999996,44.0
933,2015-07-23,28942.917,44.0
934,2015-07-24,36531.752,44.0
935,2015-07-25,49943.778,44.0
936,2015-07-26,48556.81,44.0
937,2015-07-27,35486.676999999996,44.0
938,2015-07-28,29439.209,44.0
939,2015-07-29,39999.646499999995,44.0
940,2015-07-30,27962.603004,44.0
941,2015-07-31,40057.583,44.0
942,2015-08-01,58830.643,44.0
943,2015-08-02,59171.55,44.0
944,2015-08-03,42769.157096,44.0
945,2015-08-04,35523.728,44.0
946,2015-08-05,43063.417004,44.0
947,2015-08-06,30586.07595,44.0
948,2015-08-07,36059.902,44.0
949,2015-08-08,43401.246,44.0
950,2015-08-09,37825.152,44.0
951,2015-08-10,46311.902019999994,44.0
952,2015-08-11,42810.13604,44.0
953,2015-08-12,42166.939,44.0
954,2015-08-13,26694.789,44.0
955,2015-08-14,48398.727,44.0
956,2015-08-15,63926.344,44.0
957,2015-08-16,55952.551999999996,44.0
958,2015-08-17,36645.975999999995,44.0
959,2015-08-18,32398.169995,44.0
960,2015-08-19,41174.563,44.0
961,2015-08-20,28424.41,44.0
962,2015-08-21,38068.585999999996,44.0
963,2015-08-22,47916.6049,44.0
964,2015-08-23,50006.96903,44.0
965,2015-08-24,39590.762,44.0
966,2015-08-25,34216.489466,44.0
967,2015-08-26,38906.447,44.0
968,2015-08-27,31850.8623,44.0
969,2015-08-28,37966.947,44.0
970,2015-08-29,57061.489,44.0
971,2015-08-30,61857.182,44.0
972,2015-08-31,43615.91,44.0
973,2015-09-01,46080.36,44.0
974,2015-09-02,54007.84,44.0
975,2015-09-03,37572.993,44.0
976,2015-09-04,44821.659980000004,44.0
977,2015-09-05,67774.37499,44.0
978,2015-09-06,68443.13003,44.0
979,2015-09-07,39121.704,44.0
980,2015-09-08,32595.89403,44.0
981,2015-09-09,44043.665,44.0
982,2015-09-10,31023.972999999998,44.0
983,2015-09-11,37964.201,44.0
984,2015-09-12,60222.215,44.0
985,2015-09-13,62469.026,44.0
986,2015-09-14,37486.842,44.0
987,2015-09-15,32575.705,44.0
988,2015-09-16,46262.625,44.0
989,2015-09-17,32346.631,44.0
990,2015-09-18,37804.497,44.0
991,2015-09-19,58963.231,44.0
992,2015-09-20,62280.222,44.0
993,2015-09-21,36555.46698,44.0
994,2015-09-22,33389.636025,44.0
995,2015-09-23,43475.422999999995,44.0
996,2015-09-24,32234.18,44.0
997,2015-09-25,38761.365000000005,44.0
998,2015-09-26,59465.527,44.0
999,2015-09-27,64883.7795,44.0
1000,2015-09-28,36942.88,44.0
1001,2015-09-29,32183.858,44.0
1002,2015-09-30,43676.08698,44.0
1003,2015-10-01,39829.255,44.0
1004,2015-10-02,48430.907999999996,44.0
1005,2015-10-03,74477.1165,44.0
1006,2015-10-04,78070.753,44.0
1007,2015-10-05,42547.133,44.0
1008,2015-10-06,35623.645,44.0
1009,2015-10-07,43824.78411,44.0
1010,2015-10-08,29099.741,44.0
1011,2015-10-09,54652.962,44.0
1012,2015-10-10,50847.53,44.0
1013,2015-10-11,55033.05,44.0
1014,2015-10-12,36069.46,44.0
1015,2015-10-13,20532.592,44.0
1016,2015-10-14,44497.549005,44.0
1017,2015-10-15,32397.591,44.0
1018,2015-10-16,42091.825,44.0
1019,2015-10-17,64253.042,44.0
1020,2015-10-18,64422.312,44.0
1021,2015-10-19,37562.943,44.0
1022,2015-10-20,31685.545,44.0
1023,2015-10-21,42988.68898,44.0
1024,2015-10-22,36603.658970000004,44.0
1025,2015-10-23,41040.00799,44.0
1026,2015-10-24,56422.659,44.0
1027,2015-10-25,59363.88803,44.0
1028,2015-10-26,33807.731004,44.0
1029,2015-10-27,45125.712,44.0
1030,2015-10-28,33815.586,44.0
1031,2015-10-29,26112.053,44.0
1032,2015-10-30,36078.947,44.0
1033,2015-10-31,47410.596,44.0
1034,2015-11-01,45647.73402,44.0
1035,2015-11-02,42748.525,44.0
1036,2015-11-03,58456.024000000005,44.0
1037,2015-11-04,47897.035,44.0
1038,2015-11-05,33460.335,44.0
1039,2015-11-06,38853.73901,44.0
1040,2015-11-07,58209.442,44.0
1041,2015-11-08,64586.451,44.0
1042,2015-11-09,35983.460004,44.0
1043,2015-11-10,33611.955,44.0
1044,2015-11-11,43337.591,44.0
1045,2015-11-12,20762.654000000002,44.0
1046,2015-11-13,37395.786,44.0
1047,2015-11-14,55831.873999999996,44.0
1048,2015-11-15,65763.84,44.0
1049,2015-11-16,38565.2141,44.0
1050,2015-11-17,32766.608999999997,44.0
1051,2015-11-18,44012.625,44.0
1052,2015-11-19,34061.153,44.0
1053,2015-11-20,38265.820999999996,44.0
1054,2015-11-21,56322.8059,44.0
1055,2015-11-22,63591.171,44.0
1056,2015-11-23,38753.426,44.0
1057,2015-11-24,32874.02098,44.0
1058,2015-11-25,45353.073,44.0
1059,2015-11-26,31847.5,44.0
1060,2015-11-27,38206.363,44.0
1061,2015-11-28,57755.6501,44.0
1062,2015-11-29,66294.839,44.0
1063,2015-11-30,39093.603,44.0
1064,2015-12-01,40900.13093,44.0
1065,2015-12-02,54551.072,44.0
1066,2015-12-03,33474.826,44.0
1067,2015-12-04,33430.19398,44.0
1068,2015-12-05,51688.011,44.0
1069,2015-12-06,69359.2879,44.0
1070,2015-12-07,45676.445,44.0
1071,2015-12-08,36447.237,44.0
1072,2015-12-09,49053.009,44.0
1073,2015-12-10,38996.1375,44.0
1074,2015-12-11,44265.863895999995,44.0
1075,2015-12-12,63828.272,44.0
1076,2015-12-13,64217.6951,44.0
1077,2015-12-14,45300.985,44.0
1078,2015-12-15,41025.348,44.0
1079,2015-12-16,53316.139299999995,44.0
1080,2015-12-17,44663.118,44.0
1081,2015-12-18,50387.702000000005,44.0
1082,2015-12-19,69772.4563,44.0
1083,2015-12-20,72234.506,44.0
1084,2015-12-21,62134.692,44.0
1085,2015-12-22,56568.122,44.0
1086,2015-12-23,64755.36032,44.0
1087,2015-12-24,43974.551003,44.0
1088,2015-12-25,43974.551003,44.0
1089,2015-12-26,50216.097,44.0
1090,2015-12-27,43531.532999999996,44.0
1091,2015-12-28,36415.46,44.0
1092,2015-12-29,42265.66,44.0
1093,2015-12-30,54848.641,44.0
1094,2015-12-31,40408.63402,44.0
1095,2016-01-01,0.0,44.0
1096,2016-01-02,56659.22203,44.0
1097,2016-01-03,74026.947,44.0
1098,2016-01-04,52673.883069999996,44.0
1099,2016-01-05,42355.221999999994,44.0
1100,2016-01-06,52359.6081,44.0
1101,2016-01-07,34331.716,44.0
1102,2016-01-08,43287.895099999994,44.0
1103,2016-01-09,63203.181,44.0
1104,2016-01-10,67623.662,44.0
1105,2016-01-11,40130.063995,44.0
1106,2016-01-12,33724.945999999996,44.0
1107,2016-01-13,40163.09003,44.0
1108,2016-01-14,30370.21496,44.0
1109,2016-01-15,40862.33399,44.0
1110,2016-01-16,59708.5155,44.0
1111,2016-01-17,61752.296,44.0
1112,2016-01-18,38894.408997,44.0
1113,2016-01-19,34412.49108,44.0
1114,2016-01-20,42449.685,44.0
1115,2016-01-21,28825.623,44.0
1116,2016-01-22,36561.65199,44.0
1117,2016-01-23,56206.906,44.0
1118,2016-01-24,58038.854999999996,44.0
1119,2016-01-25,36893.278,44.0
1120,2016-01-26,32080.89698,44.0
1121,2016-01-27,40017.410995,44.0
1122,2016-01-28,30360.560026,44.0
1123,2016-01-29,36126.70102,44.0
1124,2016-01-30,57402.788,44.0
1125,2016-01-31,62168.136,44.0
1126,2016-02-01,43139.159,44.0
1127,2016-02-02,33410.3759,44.0
1128,2016-02-03,43061.244999999995,44.0
1129,2016-02-04,32281.648,44.0
1130,2016-02-05,40122.522,44.0
1131,2016-02-06,48934.9681,44.0
1132,2016-02-07,36404.997,44.0
1133,2016-02-08,38158.046096,44.0
1134,2016-02-09,48778.313,44.0
1135,2016-02-10,42278.149,44.0
1136,2016-02-11,33046.553,44.0
1137,2016-02-12,37233.85,44.0
1138,2016-02-13,52298.6009,44.0
1139,2016-02-14,56158.795,44.0
1140,2016-02-15,37613.863,44.0
1141,2016-02-16,38132.969,44.0
1142,2016-02-17,44095.940996,44.0
1143,2016-02-18,29651.714,44.0
1144,2016-02-19,38103.1515,44.0
1145,2016-02-20,53064.968,44.0
1146,2016-02-21,62998.343,44.0
1147,2016-02-22,35799.509999999995,44.0
1148,2016-02-23,32068.909,44.0
1149,2016-02-24,43717.8179,44.0
1150,2016-02-25,29267.548,44.0
1151,2016-02-26,36289.589,44.0
1152,2016-02-27,54999.833,44.0
1153,2016-02-28,61048.043000000005,44.0
1154,2016-02-29,36372.202,44.0
1155,2016-03-01,42463.369999999995,44.0
1156,2016-03-02,50172.990504999994,44.0
1157,2016-03-03,33318.24,44.0
1158,2016-03-04,40147.121100000004,44.0
1159,2016-03-05,64554.84,44.0
1160,2016-03-06,64987.84303,44.0
1161,2016-03-07,37143.115,44.0
1162,2016-03-08,33073.44,44.0
1163,2016-03-09,43109.432,44.0
1164,2016-03-10,30288.135000000002,44.0
1165,2016-03-11,38955.4569,44.0
1166,2016-03-12,56426.977,44.0
1167,2016-03-13,58153.53303,44.0
1168,2016-03-14,35257.952000000005,44.0
1169,2016-03-15,33320.58,44.0
1170,2016-03-16,44807.653,44.0
1171,2016-03-17,31619.743000000002,44.0
1172,2016-03-18,40351.849,44.0
1173,2016-03-19,54922.577000000005,44.0
1174,2016-03-20,57865.33,44.0
1175,2016-03-21,34350.112,44.0
1176,2016-03-22,30438.042999999998,44.0
1177,2016-03-23,43052.727996,44.0
1178,2016-03-24,23614.093,44.0
1179,2016-03-25,41295.5801,44.0
1180,2016-03-26,46767.682,44.0
1181,2016-03-27,48959.411,44.0
1182,2016-03-28,33597.084,44.0
1183,2016-03-29,30816.718,44.0
1184,2016-03-30,39890.637004,44.0
1185,2016-03-31,32297.157966,44.0
1186,2016-04-01,43285.100999999995,44.0
1187,2016-04-02,69735.91000999999,44.0
1188,2016-04-03,78538.954,44.0
1189,2016-04-04,38743.416034,44.0
1190,2016-04-05,34997.26,44.0
1191,2016-04-06,42980.811,44.0
1192,2016-04-07,28823.845,44.0
1193,2016-04-08,38592.729999999996,44.0
1194,2016-04-09,59405.165,44.0
1195,2016-04-10,63940.636,44.0
1196,2016-04-11,35367.29,44.0
1197,2016-04-12,32050.4,44.0
1198,2016-04-13,41775.631003999995,44.0
1199,2016-04-14,30965.47,44.0
1200,2016-04-15,35546.702900000004,44.0
1201,2016-04-16,47281.715,44.0
1202,2016-04-17,90557.92509,44.0
1203,2016-04-18,77975.541,44.0
1204,2016-04-19,70521.48502,44.0
1205,2016-04-20,67092.842,44.0
1206,2016-04-21,48724.716996,44.0
1207,2016-04-22,47217.623999999996,44.0
1208,2016-04-23,63607.178,44.0
1209,2016-04-24,63112.61,44.0
1210,2016-04-25,34551.1357,44.0
1211,2016-04-26,32164.734,44.0
1212,2016-04-27,42646.883,44.0
1213,2016-04-28,28033.234,44.0
1214,2016-04-29,41261.38901,44.0
1215,2016-04-30,72372.383,44.0
1216,2016-05-01,71375.004,44.0
1217,2016-05-02,43261.934,44.0
1218,2016-05-03,35562.04798,44.0
1219,2016-05-04,46691.646,44.0
1220,2016-05-05,33167.821904,44.0
1221,2016-05-06,43069.751000000004,44.0
1222,2016-05-07,65544.78199999999,44.0
1223,2016-05-08,41341.512,44.0
1224,2016-05-09,36004.7101,44.0
1225,2016-05-10,30832.029,44.0
1226,2016-05-11,44226.444004000004,44.0
1227,2016-05-12,32205.659,44.0
1228,2016-05-13,39252.047999999995,44.0
1229,2016-05-14,56154.2191,44.0
1230,2016-05-15,61256.619,44.0
1231,2016-05-16,37493.994999999995,44.0
1232,2016-05-17,29578.157,44.0
1233,2016-05-18,41718.71,44.0
1234,2016-05-19,31804.515,44.0
1235,2016-05-20,39556.588990000004,44.0
1236,2016-05-21,55073.285,44.0
1237,2016-05-22,58287.756,44.0
1238,2016-05-23,37556.971,44.0
1239,2016-05-24,28565.916,44.0
1240,2016-05-25,41066.10698,44.0
1241,2016-05-26,30183.794,44.0
1242,2016-05-27,53566.027,44.0
1243,2016-05-28,45206.436,44.0
1244,2016-05-29,52737.663,44.0
1245,2016-05-30,38508.486,44.0
1246,2016-05-31,47682.81893,44.0
1247,2016-06-01,47975.009099999996,44.0
1248,2016-06-02,34675.297,44.0
1249,2016-06-03,41204.547999999995,44.0
1250,2016-06-04,56149.4261,44.0
1251,2016-06-05,64224.816999999995,44.0
1252,2016-06-06,39813.466,44.0
1253,2016-06-07,32121.956039999997,44.0
1254,2016-06-08,41612.472,44.0
1255,2016-06-09,28811.603,44.0
1256,2016-06-10,36340.623,44.0
1257,2016-06-11,49414.57703,44.0
1258,2016-06-12,52693.395,44.0
1259,2016-06-13,36659.316999999995,44.0
1260,2016-06-14,30758.631,44.0
1261,2016-06-15,41408.448,44.0
1262,2016-06-16,31387.04198,44.0
1263,2016-06-17,41207.9951,44.0
1264,2016-06-18,60527.7408,44.0
1265,2016-06-19,44711.288985,44.0
1266,2016-06-20,36541.16,44.0
1267,2016-06-21,29887.646,44.0
1268,2016-06-22,40634.591,44.0
1269,2016-06-23,29624.8283,44.0
1270,2016-06-24,35419.428,44.0
1271,2016-06-25,50679.801999999996,44.0
1272,2016-06-26,54101.106,44.0
1273,2016-06-27,35102.628,44.0
1274,2016-06-28,29128.215,44.0
1275,2016-06-29,40059.603,44.0
1276,2016-06-30,28295.88698,44.0
1277,2016-07-01,46086.894,44.0
1278,2016-07-02,59278.353,44.0
1279,2016-07-03,62759.459,44.0
1280,2016-07-04,40987.996,44.0
1281,2016-07-05,34021.231,44.0
1282,2016-07-06,44368.9256,44.0
1283,2016-07-07,25506.902000000002,44.0
1284,2016-07-08,40143.7701,44.0
1285,2016-07-09,51193.789,44.0
1286,2016-07-10,51161.197,44.0
1287,2016-07-11,37135.8591,44.0
1288,2016-07-12,32113.18597,44.0
1289,2016-07-13,40948.325,44.0
1290,2016-07-14,27541.205,44.0
1291,2016-07-15,38623.186,44.0
1292,2016-07-16,54310.027,44.0
1293,2016-07-17,55818.7141,44.0
1294,2016-07-18,37165.931,44.0
1295,2016-07-19,32993.761,44.0
1296,2016-07-20,29093.458000000002,44.0
1297,2016-07-21,32044.826,44.0
1298,2016-07-22,37283.243109999996,44.0
1299,2016-07-23,48195.644,44.0
1300,2016-07-24,48831.557,44.0
1301,2016-07-25,35452.68498,44.0
1302,2016-07-26,29586.989,44.0
1303,2016-07-27,36691.339,44.0
1304,2016-07-28,29581.109,44.0
1305,2016-07-29,36625.465000000004,44.0
1306,2016-07-30,50337.248999999996,44.0
1307,2016-07-31,55901.57,44.0
1308,2016-08-01,45122.26997,44.0
1309,2016-08-02,36735.569,44.0
1310,2016-08-03,45046.132,44.0
1311,2016-08-04,29416.774,44.0
1312,2016-08-05,39315.094,44.0
1313,2016-08-06,49682.304000000004,44.0
1314,2016-08-07,50449.7921,44.0
1315,2016-08-08,35947.675,44.0
1316,2016-08-09,29773.806,44.0
1317,2016-08-10,37597.577,44.0
1318,2016-08-11,29933.319994999998,44.0
1319,2016-08-12,44038.71798,44.0
1320,2016-08-13,38904.632,44.0
1321,2016-08-14,42845.240996,44.0
1322,2016-08-15,35694.586,44.0
1323,2016-08-16,37785.657979999996,44.0
1324,2016-08-17,42466.805,44.0
1325,2016-08-18,30372.932,44.0
1326,2016-08-19,39435.087,44.0
1327,2016-08-20,51817.376,44.0
1328,2016-08-21,55240.873,44.0
1329,2016-08-22,39545.172,44.0
1330,2016-08-23,34509.375,44.0
1331,2016-08-24,40785.409005,44.0
1332,2016-08-25,32985.604996,44.0
1333,2016-08-26,38553.70503,44.0
1334,2016-08-27,47983.484,44.0
1335,2016-08-28,53317.4029,44.0
1336,2016-08-29,34805.47,44.0
1337,2016-08-30,34184.03103,44.0
1338,2016-08-31,44776.367,44.0
1339,2016-09-01,25789.593999999997,44.0
1340,2016-09-02,50079.761,44.0
1341,2016-09-03,67785.88399999999,44.0
1342,2016-09-04,60112.431,44.0
1343,2016-09-05,45753.794,44.0
1344,2016-09-06,36527.009,44.0
1345,2016-09-07,45278.665,44.0
1346,2016-09-08,31337.405,44.0
1347,2016-09-09,38539.642,44.0
1348,2016-09-10,58714.203,44.0
1349,2016-09-11,58207.672,44.0
1350,2016-09-12,38192.405,44.0
1351,2016-09-13,30423.01603,44.0
1352,2016-09-14,40323.417,44.0
1353,2016-09-15,29761.388,44.0
1354,2016-09-16,43159.858,44.0
1355,2016-09-17,57820.564,44.0
1356,2016-09-18,62878.975,44.0
1357,2016-09-19,35881.29798,44.0
1358,2016-09-20,33331.80202,44.0
1359,2016-09-21,39025.621,44.0
1360,2016-09-22,30001.55397,44.0
1361,2016-09-23,38525.334,44.0
1362,2016-09-24,56328.313,44.0
1363,2016-09-25,60105.018,44.0
1364,2016-09-26,36030.57698,44.0
1365,2016-09-27,32391.434999999998,44.0
1366,2016-09-28,40004.357,44.0
1367,2016-09-29,30945.499,44.0
1368,2016-09-30,45622.579,44.0
1369,2016-10-01,74452.999,44.0
1370,2016-10-02,84398.826,44.0
1371,2016-10-03,46667.743996000005,44.0
1372,2016-10-04,35519.862,44.0
1373,2016-10-05,48496.784,44.0
1374,2016-10-06,24081.773,44.0
1375,2016-10-07,44193.29398,44.0
1376,2016-10-08,63108.1029,44.0
1377,2016-10-09,67813.35,44.0
1378,2016-10-10,39245.648,44.0
1379,2016-10-11,31734.940000000002,44.0
1380,2016-10-12,41452.915,44.0
1381,2016-10-13,34579.093,44.0
1382,2016-10-14,41866.862104,44.0
1383,2016-10-15,55545.866,44.0
1384,2016-10-16,69787.57809,44.0
1385,2016-10-17,39498.063034,44.0
1386,2016-10-18,32770.682,44.0
1387,2016-10-19,41146.554000000004,44.0
1388,2016-10-20,30972.82602,44.0
1389,2016-10-21,41260.355,44.0
1390,2016-10-22,54096.742,44.0
1391,2016-10-23,61643.568,44.0
1392,2016-10-24,35095.3491,44.0
1393,2016-10-25,31603.80198,44.0
1394,2016-10-26,42518.405,44.0
1395,2016-10-27,30103.341,44.0
1396,2016-10-28,41093.272,44.0
1397,2016-10-29,55403.612,44.0
1398,2016-10-30,60294.568,44.0
1399,2016-10-31,34356.684,44.0
1400,2016-11-01,41053.585,44.0
1401,2016-11-02,64193.938,44.0
1402,2016-11-03,44037.457,44.0
1403,2016-11-04,53071.612,44.0
1404,2016-11-05,55926.422999999995,44.0
1405,2016-11-06,72968.874,44.0
1406,2016-11-07,44381.674,44.0
1407,2016-11-08,43099.82,44.0
1408,2016-11-09,51967.739,44.0
1409,2016-11-10,35040.921,44.0
1410,2016-11-11,41853.434,44.0
1411,2016-11-12,64956.136,44.0
1412,2016-11-13,81774.115,44.0
1413,2016-11-14,43320.354,44.0
1414,2016-11-15,30161.50504,44.0
1415,2016-11-16,52432.886,44.0
1416,2016-11-17,35163.959,44.0
1417,2016-11-18,44802.789000000004,44.0
1418,2016-11-19,64539.71403,44.0
1419,2016-11-20,74002.90303,44.0
1420,2016-11-21,40351.66997,44.0
1421,2016-11-22,35127.194,44.0
1422,2016-11-23,47418.2945,44.0
1423,2016-11-24,35064.217300000004,44.0
1424,2016-11-25,45537.223,44.0
1425,2016-11-26,57208.691,44.0
1426,2016-11-27,72627.043,44.0
1427,2016-11-28,42288.062,44.0
1428,2016-11-29,34580.338,44.0
1429,2016-11-30,48603.833,44.0
1430,2016-12-01,40360.125004999994,44.0
1431,2016-12-02,49923.706000000006,44.0
1432,2016-12-03,60689.26,44.0
1433,2016-12-04,74990.137,44.0
1434,2016-12-05,42271.638,44.0
1435,2016-12-06,59485.27897,44.0
1436,2016-12-07,52736.0031,44.0
1437,2016-12-08,39610.095,44.0
1438,2016-12-09,50764.903999999995,44.0
1439,2016-12-10,55596.464,44.0
1440,2016-12-11,66153.823,44.0
1441,2016-12-12,47791.762,44.0
1442,2016-12-13,41618.601,44.0
1443,2016-12-14,56274.403,44.0
1444,2016-12-15,41596.527,44.0
1445,2016-12-16,51177.513999999996,44.0
1446,2016-12-17,69096.303,44.0
1447,2016-12-18,78847.205995,44.0
1448,2016-12-19,54399.305,44.0
1449,2016-12-20,56565.046,44.0
1450,2016-12-21,68210.46797,44.0
1451,2016-12-22,58210.676999999996,44.0
1452,2016-12-23,63376.188,44.0
1453,2016-12-24,53827.752,44.0
1454,2016-12-25,53827.752,44.0
1455,2016-12-26,57689.675,44.0
1456,2016-12-27,39636.505000000005,44.0
1457,2016-12-28,49209.295996,44.0
1458,2016-12-29,42237.328,44.0
1459,2016-12-30,59994.378,44.0
1460,2016-12-31,51241.68402,44.0
1461,2017-01-01,0.0,44.0
1462,2017-01-02,83303.56,44.0
1463,2017-01-03,56728.48303,44.0
1464,2017-01-04,56626.504,44.0
1465,2017-01-05,41374.229,44.0
1466,2017-01-06,51259.906,44.0
1467,2017-01-07,71558.65904,44.0
1468,2017-01-08,74005.673,44.0
1469,2017-01-09,41606.73,44.0
1470,2017-01-10,38348.60403,44.0
1471,2017-01-11,49929.149000000005,44.0
1472,2017-01-12,36047.835,44.0
1473,2017-01-13,47170.509,44.0
1474,2017-01-14,66040.221,44.0
1475,2017-01-15,74301.67697,44.0
1476,2017-01-16,43028.068,44.0
1477,2017-01-17,38083.865025,44.0
1478,2017-01-18,46880.968,44.0
1479,2017-01-19,31917.297,44.0
1480,2017-01-20,42441.406,44.0
1481,2017-01-21,70368.15400000001,44.0
1482,2017-01-22,71627.7229,44.0
1483,2017-01-23,40357.521,44.0
1484,2017-01-24,35158.765,44.0
1485,2017-01-25,43958.34,44.0
1486,2017-01-26,32603.411,44.0
1487,2017-01-27,41966.115900000004,44.0
1488,2017-01-28,62583.34,44.0
1489,2017-01-29,64922.437,44.0
1490,2017-01-30,34724.349,44.0
1491,2017-01-31,37849.519,44.0
1492,2017-02-01,57784.501000000004,44.0
1493,2017-02-02,37197.46387,44.0
1494,2017-02-03,47677.095100000006,44.0
1495,2017-02-04,67166.708,44.0
1496,2017-02-05,69034.606,44.0
1497,2017-02-06,40100.564,44.0
1498,2017-02-07,35285.188,44.0
1499,2017-02-08,51131.51197,44.0
1500,2017-02-09,36626.44798,44.0
1501,2017-02-10,48480.344,44.0
1502,2017-02-11,56516.06103,44.0
1503,2017-02-12,64286.3421,44.0
1504,2017-02-13,41876.945999999996,44.0
1505,2017-02-14,29296.029,44.0
1506,2017-02-15,42805.625,44.0
1507,2017-02-16,36226.026005,44.0
1508,2017-02-17,46191.399,44.0
1509,2017-02-18,68441.8299,44.0
1510,2017-02-19,48166.778,44.0
1511,2017-02-20,28181.444,44.0
1512,2017-02-21,31067.36,44.0
1513,2017-02-22,40366.897,44.0
1514,2017-02-23,34574.142995999995,44.0
1515,2017-02-24,43555.504,44.0
1516,2017-02-25,52940.916,44.0
1517,2017-02-26,44628.564,44.0
1518,2017-02-27,43538.723,44.0
1519,2017-02-28,58759.477,44.0
1520,2017-03-01,51357.081999999995,44.0
1521,2017-03-02,40359.865996,44.0
1522,2017-03-03,46655.632,44.0
1523,2017-03-04,67577.47097,44.0
1524,2017-03-05,73023.04800000001,44.0
1525,2017-03-06,37565.3131,44.0
1526,2017-03-07,35245.354999999996,44.0
1527,2017-03-08,41455.955996000004,44.0
1528,2017-03-09,35565.476,44.0
1529,2017-03-10,41406.329,44.0
1530,2017-03-11,60171.96,44.0
1531,2017-03-12,69877.8619,44.0
1532,2017-03-13,36709.721,44.0
1533,2017-03-14,33883.928,44.0
1534,2017-03-15,46331.362,44.0
1535,2017-03-16,34836.5018,44.0
1536,2017-03-17,48982.2571,44.0
1537,2017-03-18,65538.065,44.0
1538,2017-03-19,76636.883,44.0
1539,2017-03-20,38941.895000000004,44.0
1540,2017-03-21,35045.716,44.0
1541,2017-03-22,43831.174,44.0
1542,2017-03-23,33206.86,44.0
1543,2017-03-24,43220.193,44.0
1544,2017-03-25,67239.3668,44.0
1545,2017-03-26,68100.508,44.0
1546,2017-03-27,38984.441999999995,44.0
1547,2017-03-28,24661.158,44.0
1548,2017-03-29,47773.11401,44.0
1549,2017-03-30,33761.83,44.0
1550,2017-03-31,49952.112,44.0
1551,2017-04-01,88183.512,44.0
1552,2017-04-02,48902.028,44.0
1553,2017-04-03,31936.103,44.0
1554,2017-04-04,28952.963,44.0
1555,2017-04-05,38820.6795,44.0
1556,2017-04-06,29803.8373,44.0
1557,2017-04-07,38493.619,44.0
1558,2017-04-08,55025.925,44.0
1559,2017-04-09,68293.44,44.0
1560,2017-04-10,31674.681996,44.0
1561,2017-04-11,32126.412,44.0
1562,2017-04-12,38792.42797,44.0
1563,2017-04-13,36623.456000000006,44.0
1564,2017-04-14,43492.629,44.0
1565,2017-04-15,49572.637,44.0
1566,2017-04-16,61905.940019999995,44.0
1567,2017-04-17,37190.723,44.0
1568,2017-04-18,33420.984,44.0
1569,2017-04-19,44244.451,44.0
1570,2017-04-20,29530.854,44.0
1571,2017-04-21,44622.743,44.0
1572,2017-04-22,52336.738,44.0
1573,2017-04-23,68200.553,44.0
1574,2017-04-24,34021.599,44.0
1575,2017-04-25,34116.409,44.0
1576,2017-04-26,42376.317,44.0
1577,2017-04-27,31945.71,44.0
1578,2017-04-28,44525.778,44.0
1579,2017-04-29,59402.156,44.0
1580,2017-04-30,59490.718,44.0
1581,2017-05-01,70065.704,44.0
1582,2017-05-02,40968.571996,44.0
1583,2017-05-03,47378.801,44.0
1584,2017-05-04,32906.263,44.0
1585,2017-05-05,43266.702000000005,44.0
1586,2017-05-06,62857.362,44.0
1587,2017-05-07,65648.909,44.0
1588,2017-05-08,38308.136,44.0
1589,2017-05-09,33361.914017,44.0
1590,2017-05-10,40985.47,44.0
1591,2017-05-11,29170.638,44.0
1592,2017-05-12,42445.692899999995,44.0
1593,2017-05-13,69052.48502,44.0
1594,2017-05-14,48698.213,44.0
1595,2017-05-15,36084.673,44.0
1596,2017-05-16,38743.118,44.0
1597,2017-05-17,45660.028,44.0
1598,2017-05-18,31145.081,44.0
1599,2017-05-19,42403.266019999995,44.0
1600,2017-05-20,59728.652,44.0
1601,2017-05-21,70119.731,44.0
1602,2017-05-22,37637.14595,44.0
1603,2017-05-23,33163.297,44.0
1604,2017-05-24,41576.76897,44.0
1605,2017-05-25,31178.103,44.0
1606,2017-05-26,58967.27998,44.0
1607,2017-05-27,52223.638999999996,44.0
1608,2017-05-28,57966.979,44.0
1609,2017-05-29,36919.293999999994,44.0
1610,2017-05-30,34045.95302,44.0
1611,2017-05-31,43410.895000000004,44.0
1612,2017-06-01,37649.81,44.0
1613,2017-06-02,51452.504,44.0
1614,2017-06-03,65952.31,44.0
1615,2017-06-04,73471.372,44.0
1616,2017-06-05,44537.68,44.0
1617,2017-06-06,35931.961,44.0
1618,2017-06-07,47669.789015999995,44.0
1619,2017-06-08,32212.23603,44.0
1620,2017-06-09,43178.943,44.0
1621,2017-06-10,60371.722,44.0
1622,2017-06-11,70013.52100000001,44.0
1623,2017-06-12,36862.22703,44.0
1624,2017-06-13,34285.742996,44.0
1625,2017-06-14,41818.065,44.0
1626,2017-06-15,33581.081,44.0
1627,2017-06-16,48502.528,44.0
1628,2017-06-17,66231.939,44.0
1629,2017-06-18,51498.84703,44.0
1630,2017-06-19,41468.739,44.0
1631,2017-06-20,37406.353,44.0
1632,2017-06-21,41859.62203,44.0
1633,2017-06-22,30063.547,44.0
1634,2017-06-23,41111.263,44.0
1635,2017-06-24,54101.54,44.0
1636,2017-06-25,61962.309,44.0
1637,2017-06-26,35645.336025,44.0
1638,2017-06-27,34683.26,44.0
1639,2017-06-28,41858.254,44.0
1640,2017-06-29,31895.381999999998,44.0
1641,2017-06-30,44060.454,44.0
1642,2017-07-01,70219.294,44.0
1643,2017-07-02,75501.9495,44.0
1644,2017-07-03,44620.30302,44.0
1645,2017-07-04,35815.013999999996,44.0
1646,2017-07-05,46791.723,44.0
1647,2017-07-06,30955.067,44.0
1648,2017-07-07,43925.304000000004,44.0
1649,2017-07-08,58746.929000000004,44.0
1650,2017-07-09,65007.860499999995,44.0
1651,2017-07-10,39227.293,44.0
1652,2017-07-11,32996.43,44.0
1653,2017-07-12,41741.59098,44.0
1654,2017-07-13,33239.86402,44.0
1655,2017-07-14,41852.76199,44.0
1656,2017-07-15,60461.843,44.0
1657,2017-07-16,62801.29598,44.0
1658,2017-07-17,43767.030996,44.0
1659,2017-07-18,35475.934,44.0
1660,2017-07-19,43996.451,44.0
1661,2017-07-20,33573.228,44.0
1662,2017-07-21,42294.16401,44.0
1663,2017-07-22,56090.44002,44.0
1664,2017-07-23,61833.06,44.0
1665,2017-07-24,40092.235,44.0
1666,2017-07-25,32471.92897,44.0
1667,2017-07-26,40687.736,44.0
1668,2017-07-27,31051.847999999998,44.0
1669,2017-07-28,41686.01198,44.0
1670,2017-07-29,60011.179,44.0
1671,2017-07-30,64503.778,44.0
1672,2017-07-31,42275.007,44.0
1673,2017-08-01,44181.359,44.0
1674,2017-08-02,49489.461,44.0
1675,2017-08-03,34155.102,44.0
1676,2017-08-04,40719.911,44.0
1677,2017-08-05,52052.66,44.0
1678,2017-08-06,57165.3,44.0
1679,2017-08-07,36209.598,44.0
1680,2017-08-08,32037.91,44.0
1681,2017-08-09,38240.28698,44.0
1682,2017-08-10,30870.99,44.0
1683,2017-08-11,43330.5,44.0
1684,2017-08-12,41559.973,44.0
1685,2017-08-13,45604.445,44.0
1686,2017-08-14,35617.528004,44.0
1687,2017-08-15,33141.322,44.0
